image,hepatovac_area_µm2,num_tiles
2018SA1,15142107.15999999,1929
2018SA2,7396429.889999999,1207
2018SA3,6123943.909999991,632
2018SA4,10626870.890000004,1095
